size, procs, static_mean
10000,1,0.078917
14143,2,0.075884
17321,3,0.15497
20000,4,0.30279
22361,5,0.339928
24495,6,0.37049
