size,number_MPI_processes, static_mean_time 
10000,1,0.291272
14143,2,0.295328
17321,3,0.601081
20000,4,0.728821
22361,5,0.770272
24495,6,0.795453
